id,first_name,last_name,email,gender,join_date,value,visits
"JCI-84,266",Finlay,Addionisio,faddionisio0@zimbio.com,Male,16/03/2017,7.76806,714  
"PJJ-84,082",Tammara,Whiteford,twhiteford1@blinklist.com,Female,16/09/2008,44.38528,810  
"QOI-43,870",Garvin,Kalf,gkalf2@parallels.com,Male,22/10/2008,78.75117, 32  
"WSJ-70,460",Camel,Gofton,cgofton3@amazon.de,Female,21/06/2008,53.54463,66  
"DCQ-98,962",Tony,Gates,,Male,16/10/2010,34.42772,531  
"QMK-03,128",Rudyard,Beyer,rbeyer5@bloglines.com,Male,10/10/2015,92.90019,646  
"FBX-30,928",Micah,Edlin,medlin6@t-online.de,Male,15/11/2016,12.03339,141  
"XXQ-55,396",Darby,Tidcomb,dtidcomb7@ask.com,Male,18/06/2008,39.76774,  355    
"YIZ-79,081",Tabbi,Killner,,Female,11/4/2013,15.37076,527  
"HOM-68,739",Lark,Ambroix,lambroix9@amazon.com,Female,28/10/2011,48.4584,  959  
"DKE-40,297",Carilyn,Hannah,channaha@businessweek.com,Female,3/4/2013,94.53893,   286  
"OKM-78,572",Morna,Cecchetelli,mcecchetellib@businessinsider.com,Female,1/4/2011,65.4744,  678  
"PVJ-58,699",Coralie,Ruddiforth,cruddiforthc@arizona.edu,Female,23/02/2014,69.00348,156  
"ZFJ-23,535",Guillemette,Penwarden,gpenwardend@hao123.com,Female,10/3/2008,84.31543,282  
"SBW-74,491",Sarajane,Bonifant,sbonifante@shinystat.com,Female,21/09/2016,18.63129,752  
"RBU-13,387",Blondell,Tocher,btocherf@chronoengine.com,Female,27/07/2011,20.15827,364  
"CET-23,287",Thea,Denkin,tdenking@sourceforge.net,Female,6/10/2009,1.25787,911  
"UBY-00,513",Lark,                            MacKimmie,lmackimmieh@usatoday.com,Female,15/03/2009,18.98676,222  
"YEQ-20,735",Mavra,Molyneux,mmolyneuxi@toplist.cz,Female,17/11/2014,53.8665,285  
"BKD-42,638",Trixie,Pead,,Female,18/07/2007,43.01352,13  
"DXJ-56,013",Evered,Edgeworth,eedgeworthk@umich.edu,Male,6/5/2012,19.25303,972  
"ZLG-01,345",Stearn,Finlaison,sfinlaisonl@wikia.com,Male,14/11/2007,89.13947,162  
"EZS-99,703",Shem,Deniset,,Male,17/05/2012,65.431,843  
"GKY-94,348",Donavon,Sellen,dsellenn@acquirethisname.com,Male,1/5/2008,45.76915,886  
"ZKW-20,139",Mable,Ponter,mpontero@skype.com,Female,19/02/2013,72.18196,118  
"HFN-33,321",Melosa,Rossbrook,mrossbrookp@hp.com,Female,14/01/2013,40.36762,798  
"LFM-56,903",Allix,Boerderman,aboerdermanq@istockphoto.com,Female,1/10/2013,11.68936,117  
"KTB-15,006",Bertrand,Alecock,balecockr@amazon.co.uk,Male,24/08/2008,14.08225,614  
"BZA-23,109",Vernen,Fevers,vfeverss@sciencedaily.com,Male,20/04/2015,52.69345,653  
"YEA-51,643",Peder,Mereweather,pmereweathert@4shared.com,Male,18/11/2013,92.71157,407  
"LRR-69,305",Arte,Lissett,alissettu@issuu.com,Male,5/4/2011,67.38621,693  
"SAD-91,019",Bryanty,Elsdon,belsdonv@ftc.gov,Male,4/5/2011,63.41676,838  
"ZHX-85,471",Herbert,Ramel,hramelw@hp.com,Male,25/11/2007,74.50577,924  
"YND-54,948",Omar,Carlozzi,ocarlozzix@prweb.com,Male,,98.0248,474  
"WNE-24,727",Gaston,Pick,gpicky@altervista.org,Male,15/06/2008,93.84342,326  
"JWQ-00,460",Veronike,McAllen,vmcallenz@wunderground.com,Female,13/01/2008,91.00518,691  
"XJY-00,593",Calvin,Shelborne,,Male,,80.37.03,185  
"PPW-17,436",              Sheelagh,Bunce,sbunce11@imgur.com,Female,,12.69637,72  
"HGE-99,677",Daveta,Worsnip,dworsnip12@deviantart.com,Female,,93.25925,952  
"GBW-52,680",Anders,Charette     ,,Male,11/10/2012,85.7857,829  
"XHA-52,931",Elicia,     McPolin,emcpolin14@stanford.edu,Female,2/5/2007,19.29898,51  
"RAQ-46,221",Stanleigh,Filson,sfilson15@hexun.com,Male,28/02/2012,18.37457,703  
"XAF-58,995",Bram,     Laslett,,Male,23/04/2014,39.90037,451  
"OAE-43,344",Jacquenetta,Tomashov,jtomashov17@umn.edu,Female,7/10/2016,42.95011,688  
"WCL-12,596",       Aubrie,   Segar,asegar18@ning.com,Female,3/5/2017,37.35822,235  
"VNK-05,889",Tybi,Ginni,tginni19@blog.com,Female,19/08/2011,33.23042,414  
"CRP-53,442",Binni,Ginnaly,bginnaly1a@surveymonkey.com,Female,,52.56454,731  
"FYL-82,287",Keefer,Brett,kbrett1b@telegraph.co.uk,Male,9/10/2013,77.49415,105  
"RZI-23,063",Lin,Ainley,lainley1c@devhub.com,Female,3/11/2014,34.36083,459  
"HCC-47,290",Harcourt,    Michele,hmichele1d@usatoday.com,Male,28/09/2011,71.24583,570  
"FTH-75,488",Mal,Tucker,mtucker1e@storify.com,Male,30/11/2009,14.61874,581  
"UMV-71,908",    Gherardo,Sidey,gsidey1f@nifty.com,Male,,30.41003,965  
"WFY-56,154",Gloriana,Rattry,grattry1g@nhs.uk,Female,22/10/2007,27.55637,964  
"ALF-70,311",Opal,Mouat,omouat1h@techcrunch.com,Female,15/10/2012,82.82383,572  
"FFR-13,160", Perice, Matokhnin,pmatokhnin1i@cnet.com,Male,5/9/2017,34.96904,326  
"ZDV-58,292", Kayley, Schwand,kschwand1j@dyndns.org,Female,12/3/2016,50.66358,887  
"ZRW-08,409", Rowena, Dureden,rdureden1k@tinypic.com,Female,1/10/2010,53.18987,919  
"VPI-60,737",Melisandra,Dupree,,Female,13/06/2012,78.06165,208  
"SKG-38,753",Saidee,Bugg,sbugg1m@geocities.jp,Female,9/8/2007,42.25831,523  
"CJZ-76,218",Ruprecht,Ivanshintsev,rivanshintsev1n@arizona.edu,Male,1/6/2011,12.56867,839  
"JCX-24,447",Niles  ,Smithies,nsmithies1o@epa.gov,Male,4/10/2009,47.02876,210  
"NWZ-19,707",Tucker, Bryden,tbryden1p@wunderground.com,Male,22/07/2016,25.27563,495  
"TMU-65,147", Imogene,Paradyce,iparadyce1q@angelfire.com,Female,4/7/2007,34.32071,125  
"VSE-15,857",Kiley,Binne,kbinne1r@dropbox.com,Male,25/04/2017,98.55602,349  
"OCH-07,262",Gunter,Fernandes,,Male,5/1/2014,55.13531,659  
"FRC-29,390",Roxane,Ayllett,,Female,8/10/2011,43.23437,99  
"QMP-67,329",Jeremiah,Mence,jmence1u@dailymotion.com,Male,21/10/2014,83.80217,372  
"CYE-47,234",Kaile,Hobble,khobble1v@jugem.jp,Female,21/09/2011,79.51853,683  
"VTS-23,408",Emelita    ,   Fynan,efynan1w@biblegateway.com,Female,27/02/2017,25.10175,63  
"CHV-27,112",Fifine,Gellier,fgellier1x@bigcartel.com,Female,24/09/2013,25.2769,623  
"KRG-70,832",Doug   ,Pear   ,dpear1y@salon.com,Male,28/03/2015,1.3796,555  
"VDP-70,024",Lorinda,Ilott,lilott1z@unc.edu,Female,,85.71996,232  
"OVM-62,641",Roman,Bahlmann,rbahlmann20@bbb.org,Male,,66.00301,318  
"IFM-39,247",Emelda,Moehler,emoehler21@vimeo.com,Female,19/03/2007,14.26796,555  
"BEL-37,501",Merralee,Bagnell,mbagnell22@prlog.org,Female,28/11/2007,7.13242,485  
"KRS-69,348",David,Shane,dshane23@goo.gl,Male,,56.83309,270  
"BPY-55,291",Doyle,Hast,,Male,,69.31448,543  
"TWA-35,719",Hartley,de Quesne,,Male,,1.27504,433  
"CFW-07,866",Syman,L'Homme,slhomme26@delicious.com,Male,26/12/2015,67.78386,195  
"YOV-19,045",Elisabet,Hawney,ehawney27@behance.net,Female,1/3/2014,84.6162,670  
"VMI-78,298",Donnajean,Deaves,ddeaves28@youku.com,Female,6/6/2011,27.66135,888  
"GYX-68,943",Orson,Soles,osoles29@trellian.com,Male,13/03/2010,46.43536,262  
"FBC-01,084",Joseph,Alesi,jalesi2a@google.com,Male,15/10/2011,3.00553,807  
"IQZ-68,115",Garold,Cockram,gcockram2b@yellowpages.com,Male,30/01/2014,85.99819,227  
"TSF-52,959",Isidoro,Turney,iturney2c@nih.gov,Male,,32.00177,46  
"KCK-70,345",Timothee,Stappard,tstappard2d@sakura.ne.jp,Male,10/5/2014,80.0857,487  
"LVZ-42,301",Abigale,Grimwad,agrimwad2e@archive.org,Female,28/03/2017,36.98875,560  
"ADH-15,427",Emelina,Pittle,epittle2f@360.cn,Female,19/08/2009,79.17124,296  
"IBW-13,706",Raymond,Denford,rdenford2g@xrea.com,Male,15/04/2008,63.50953,780  
"BOX-32,942",Boris,Everit,beverit2h@edublogs.org,Male,1/4/2008,45.21789,870  
"XRB-35,147",Esmaria,Hemerijk,ehemerijk2i@disqus.com,Female,1/12/2015,5.18201,641  
"VOT-85,507",Rosie,Mulvagh,rmulvagh2j@nasa.gov,Female,21/08/2012,67.39327,372  
"TFA-80,343",Hayyim,Wedlake,hwedlake2k@cbsnews.com,Male,26/02/2014,92.47123,949  
"MKS-44,290",Melli,Amesbury,mamesbury2l@mapquest.com,Female,2/10/2010,67.95533,795  
"XWZ-11,925",Judye,Chaney,jchaney2m@noaa.gov,Female,14/10/2011,32.78202,658  
"XIQ-98,613",Cobb,Synke,csynke2n@shinystat.com,Male,16/11/2014,29.90815,254  
"VHQ-84,291",Jayne,Gauch,,Female,9/11/2016,75.66831,308  
"HQH-66,469",Judye,Butterworth,jbutterworth2p@nymag.com,Female,7/4/2014,76.73084,924  
"GRK-70,659",Melinda,Fritschmann,mfritschmann2q@quantcast.com,Female,3/4/2010,10.67529,15  
"ZRH-93,451",Sigismond,Dibbert,sdibbert2r@go.com,Male,14/10/2012,93.45224,204  